12/1/2020 9:31:00 AM,12375.5,12383.75,12365.75,12365.75,0,0
12/1/2020 9:32:00 AM,12365.75,12369.25,12359.25,12364.5,10.7142857142857,5.35714285714286
12/1/2020 9:33:00 AM,12364.5,12367,12360.75,12361,9.52380952380952,6.74603174603175
12/1/2020 9:34:00 AM,12361.25,12363.75,12351,12351.75,10.2871683024355,7.63131588513268
12/1/2020 9:35:00 AM,12351.5,12351.75,12337.5,12344.25,8.0091760244432,7.70688791299478
12/1/2020 9:36:00 AM,12344,12347.5,12336.75,12344.75,11.301982508739,8.30607034561883
12/1/2020 9:37:00 AM,12344.25,12348,12333.5,12347.75,19.9913600485211,9.97539744603343
12/1/2020 9:38:00 AM,12347.25,12359,12345.75,12356.75,30.5493807557955,14.3395946968614
12/1/2020 9:39:00 AM,12356.75,12364.25,12353,12360.75,42.9519071310116,18.9449691849651
12/1/2020 9:40:00 AM,12360.75,12373,12356,12357.5,49.4195688225539,24.6443633705
12/1/2020 9:41:00 AM,12357.25,12364.25,12345.75,12361,52.2388059701492,30.6374544658876
12/1/2020 9:42:00 AM,12361,12370,12353.75,12369.75,58.2089552238806,37.8088514943787
12/1/2020 9:43:00 AM,12369.5,12377,12368.5,12371,67.1641791044776,45.7891652937699
12/1/2020 9:44:00 AM,12370.75,12378.75,12369,12376,77.1144278606965,53.9496035526521
12/1/2020 9:45:00 AM,12376,12381.25,12369.75,12372,79.9440841169371,61.0059897471009
12/1/2020 9:46:00 AM,12372,12381.25,12372,12378.75,86.6565948616429,67.2495165657625
12/1/2020 9:47:00 AM,12379,12388.75,12378.25,12383,88.3284767793545,72.8079319881626
12/1/2020 9:48:00 AM,12382.75,12383.75,12368,12370.75,83.9259908554642,77.3346726860648
12/1/2020 9:49:00 AM,12370.75,12375.5,12368,12375,77.3755656108597,80.0727598842046
12/1/2020 9:50:00 AM,12374.5,12382.5,12372,12380.25,75.7164404223228,81.2945115010397
12/1/2020 9:51:00 AM,12379.5,12390.5,12373.5,12374.25,74.4718858751064,80.9170055030982
12/1/2020 9:52:00 AM,12373.75,12380.5,12369.25,12377.75,73.2703051138805,79.9636085026616
12/1/2020 9:53:00 AM,12377.5,12386.75,12371.75,12386.5,75.4189944134078,78.3582370100566
12/1/2020 9:54:00 AM,12386.5,12388.75,12378.75,12387.75,85.4748603351955,77.9505775180339
12/1/2020 9:55:00 AM,12387.75,12392.5,12382.25,12387.5,90.6709917702889,78.9141490772945
12/1/2020 9:56:00 AM,12387.5,12389.25,12382,12383.75,81.7457456942049,79.5384605177724
12/1/2020 9:57:00 AM,12383.5,12387,12380.75,12384,72.2295369760808,79.0403314540236
12/1/2020 9:58:00 AM,12384,12389.25,12375.25,12378.5,57.4829931972789,76.6133467857625
12/1/2020 9:59:00 AM,12379.25,12393.75,12378.75,12393.5,69.0641305065716,76.0124646990041
12/1/2020 10:00:00 AM,12393,12394.5,12382.5,12390,74.9683789984211,75.9480910682917
12/1/2020 10:01:00 AM,12389.5,12398.5,12382.25,12396.5,91.8302056963134,76.8559975484514
12/1/2020 10:02:00 AM,12397,12405.25,12396.25,12404,91.0352620591205,76.9080361611416
12/1/2020 10:03:00 AM,12404,12412,12402.75,12408.5,93.966594583303,78.6538717167271
12/1/2020 10:04:00 AM,12408.5,12418.75,12408.5,12413.5,92.6170333976763,81.5663712055264
12/1/2020 10:05:00 AM,12413.75,12414.25,12408.5,12412,89.1901470848839,86.0959646180414
12/1/2020 10:06:00 AM,12412.25,12418.75,12408,12408.25,84.4723834085536,88.2971436040389
12/1/2020 10:07:00 AM,12408.5,12414.75,12404.5,12407.5,79.3870472887348,88.9283819312265
12/1/2020 10:08:00 AM,12407.25,12412.25,12405.75,12408.25,75.886524822695,86.6507132349953
12/1/2020 10:09:00 AM,12408,12418.5,12408,12416.5,81.6091954022989,85.3041322840208
12/1/2020 10:10:00 AM,12417,12427.75,12415.5,12422,86.5790914066776,84.2487746873601
12/1/2020 10:11:00 AM,12422,12423.5,12414.75,12418,88.4345922276957,83.6512830916485
12/1/2020 10:12:00 AM,12418.5,12419.25,12411.5,12412,79.4444444444445,82.2590398573
12/1/2020 10:13:00 AM,12412.25,12419.5,12408,12410.5,70.4578754578755,80.2569672929175
12/1/2020 10:14:00 AM,12410.5,12416.25,12409.25,12415.75,67.8571428571429,78.6098380884043
12/1/2020 10:15:00 AM,12415.75,12417.25,12409.25,12409.5,59.2592592592593,76.2345144364849
12/1/2020 10:16:00 AM,12410,12413.25,12405.75,12409,46.8966218966219,71.2755753642454
12/1/2020 10:17:00 AM,12408.5,12423.75,12407,12421,46.010411332992,65.4800496394331
12/1/2020 10:18:00 AM,12420.5,12429,12413.25,12414.5,45.5946894886987,59.3600635338622
12/1/2020 10:19:00 AM,12414.75,12425,12413,12423,62.4314241825763,56.929632067881
12/1/2020 10:20:00 AM,12422.75,12431.75,12422.25,12424.25,62.9345316108095,55.8548686611573
12/1/2020 10:21:00 AM,12424.5,12427.75,12420.75,12427.25,76.8931919980413,57.1457328241427
12/1/2020 10:22:00 AM,12427.5,12430.5,12423,12428.25,80.5692778169843,60.190021189532
12/1/2020 10:23:00 AM,12428.5,12428.5,12422.5,12423.5,79.1666666666667,64.8000275852527
12/1/2020 10:24:00 AM,12423.75,12424.25,12416,12416.5,65.3846153846154,67.5677710211989
12/1/2020 10:25:00 AM,12416,12419.25,12407.5,12415.75,49.3589743589744,68.1055260026669
12/1/2020 10:26:00 AM,12416,12416.25,12407.75,12410.75,33.0128205128206,63.9028683355589
12/1/2020 10:27:00 AM,12410.75,12411.25,12396,12398.75,21.7948717948718,58.0257740761392
12/1/2020 10:28:00 AM,12398.75,12406.25,12397.75,12404.75,17.1328671328672,49.4885848096858
12/1/2020 10:29:00 AM,12405.25,12408.75,12400,12406.5,20.5128205128206,40.909090909091
12/1/2020 10:30:00 AM,12406,12408.5,12402.75,12403.5,24.941724941725,33.1626706626707
12/1/2020 10:31:00 AM,12403.5,12407,12394.5,12396,18.1254986624115,26.4113682737845
12/1/2020 10:32:00 AM,12395.5,12400,12389.5,12398.25,15.2386419294009,21.5370350695597
12/1/2020 10:33:00 AM,12398.75,12401.25,12389,12389.5,8.63549848415217,18.0545604940356
12/1/2020 10:34:00 AM,12389.5,12392.25,12382.75,12388,10.9581380709261,16.5064556763291
12/1/2020 10:35:00 AM,12388,12389.5,12382.25,12384,5.26376601545403,14.8108698024129
12/1/2020 10:36:00 AM,12383.75,12388,12378.75,12381.75,6.88395271895202,12.8638886890031
12/1/2020 10:37:00 AM,12381.5,12383.25,12370.25,12372.25,4.453599154218,9.93701357650212
12/1/2020 10:38:00 AM,12373,12374,12362,12366.25,5.71914508116629,8.16467735060995
12/1/2020 10:39:00 AM,12366.25,12366.75,12358.5,12363.75,6.73939786021304,6.95049962644026
12/1/2020 10:40:00 AM,12364.25,12364.25,12352.25,12353,5.92855877253779,6.56379395335249
12/1/2020 10:41:00 AM,12353.25,12363,12349.25,12359.75,9.33638478503886,6.33211491251145
12/1/2020 10:42:00 AM,12360,12374,12355.75,12370,17.9307316146798,8.14168142668657
12/1/2020 10:43:00 AM,12369.5,12378.25,12367.5,12376.75,32.978170171022,11.8694267769823
12/1/2020 10:44:00 AM,12377,12378.75,12370.25,12377,43.1131332471616,17.3922173616885
12/1/2020 10:45:00 AM,12377,12380.5,12373.75,12379.5,50.8795090282432,23.8436979255566
12/1/2020 10:46:00 AM,12378.75,12383,12374.75,12379.5,54.7993672993673,30.7094078454358
12/1/2020 10:47:00 AM,12379.75,12381,12372.25,12375,58.7432915921288,38.254369676806
12/1/2020 10:48:00 AM,12375.25,12380.25,12371,12371.25,57.5717276488258,45.1451329430612
12/1/2020 10:49:00 AM,12371.75,12376,12365,12368.25,54.5247880293055,50.3728552880078
12/1/2020 10:50:00 AM,12368.75,12378,12368.75,12375.5,60.298841836875,54.2758083831296
12/1/2020 10:51:00 AM,12376,12389,12376,12384.25,71.4294849609554,58.3210014851002
12/1/2020 10:52:00 AM,12384.25,12389,12380.75,12383.75,84.0162165495129,63.0548168452816
12/1/2020 10:53:00 AM,12383.75,12388.75,12382.25,12386.25,89.308176100629,67.9846466740332
12/1/2020 10:54:00 AM,12387.25,12390,12380.75,12388,91.6554127921185,72.6863782740317
12/1/2020 10:55:00 AM,12387.5,12391.75,12386.25,12387.75,92.3542248116852,77.6553064401545
12/1/2020 10:56:00 AM,12387.75,12389.75,12380,12386.5,88.1182484014891,82.4543722076093
12/1/2020 10:57:00 AM,12386.75,12395.75,12384.75,12394.75,88.6702293814216,86.507427571116
12/1/2020 10:58:00 AM,12394.75,12396,12391,12392.5,88.6104922249102,88.9618571802524
12/1/2020 10:59:00 AM,12392.5,12394.25,12390.5,12393.5,92.4643762566658,90.1687371384171
12/1/2020 11:00:00 AM,12394.25,12396.5,12390,12396,93.0192865676737,90.6988957765663
12/1/2020 11:01:00 AM,12396,12399.5,12394.25,12397.75,95.0919061718501,91.1898234022423
12/1/2020 11:02:00 AM,12398.5,12399.75,12395,12397,95.1421885266115,91.588103932946
12/1/2020 11:03:00 AM,12397.25,12402,12393,12399.25,92.9143968251356,92.2732679934669
12/1/2020 11:04:00 AM,12399.25,12405.25,12399,12404.25,93.4656169415731,92.9583233592029
12/1/2020 11:05:00 AM,12404.5,12408.25,12403.75,12404.75,91.973713119498,93.4387834870011
12/1/2020 11:06:00 AM,12404.5,12410.75,12404.25,12408.75,92.5625836698576,93.4528131174571
12/1/2020 11:07:00 AM,12409,12414.75,12408.75,12413.75,92.7429521955499,93.4133367785823
12/1/2020 11:08:00 AM,12413.75,12423.75,12413.75,12420,94.0156028487315,93.2595791609939
12/1/2020 11:09:00 AM,12420,12420.5,12416,12416.25,90.4693388146626,92.5920292021441
12/1/2020 11:10:00 AM,12416.25,12422.5,12415.75,12420,88.2234432234433,91.9218929733309
12/1/2020 11:11:00 AM,12419.25,12425,12419,12422,88.2234432234433,91.1730110135981
12/1/2020 11:12:00 AM,12422.5,12429.25,12422.5,12427.5,92.4515293623574,91.2412704768637
12/1/2020 11:13:00 AM,12427.5,12430.5,12419,12423,89.4838180613128,90.8014468185001
12/1/2020 11:14:00 AM,12423.25,12424.75,12417.75,12418.75,81.8965164740112,89.2519560011375
12/1/2020 11:15:00 AM,12418.75,12422.75,12415.25,12419,73.1604938271605,86.2726547123416
12/1/2020 11:16:00 AM,12419.25,12420.5,12409.5,12412.5,63.3333333333334,82.3960825007232
12/1/2020 11:17:00 AM,12412.25,12418,12412.25,12417.5,60.0211640211641,78.3671854718261
12/1/2020 11:18:00 AM,12417.75,12422.25,12417.75,12421.5,59.0284329723582,74.1964697216711
12/1/2020 11:19:00 AM,12421.75,12422,12414,12416.75,57.5681155120408,69.2131248859116
12/1/2020 11:20:00 AM,12416.25,12419.25,12414.75,12419.25,54.0833499583097,64.1559151569112
12/1/2020 11:21:00 AM,12419.5,12420.75,12414,12418.5,46.2506841817187,59.0636534008694
12/1/2020 11:22:00 AM,12418.75,12419,12414,12418.75,45.0602079912425,55.0493268528811
12/1/2020 11:23:00 AM,12419,12421.75,12416.5,12420.25,46.0317460317461,52.5776715240829
12/1/2020 11:24:00 AM,12420.25,12421.5,12415.75,12417.25,44.0476190476191,50.2957365278622
12/1/2020 11:25:00 AM,12417.5,12425.5,12417.5,12424,52.3809523809524,49.3460964433757
12/1/2020 11:26:00 AM,12424,12426.5,12419.75,12420.75,53.1746031746032,48.7184518237417
12/1/2020 11:27:00 AM,12420.75,12423.25,12417.75,12423,67.34360410831,50.6127738451703
12/1/2020 11:28:00 AM,12423.25,12423.75,12418.5,12421,66.8767507002801,53.5593547763934
12/1/2020 11:29:00 AM,12421,12426.25,12421,12426.25,81.8627450980392,58.8168600773643
12/1/2020 11:30:00 AM,12426,12435,12420.5,12428.75,79.5679810385693,63.6077507926248
12/1/2020 11:31:00 AM,12429,12431.25,12426,12429.75,82.0189614307262,69.0322282759258
12/1/2020 11:32:00 AM,12430,12438.75,12429.25,12436.75,79.8155548155548,72.9514571951547
12/1/2020 11:33:00 AM,12437,12443.5,12408,12419,65.9683691373832,74.7791380469804
12/1/2020 11:34:00 AM,12418.5,12434,12415.25,12431.75,63.2688386209513,74.1970286916435
12/1/2020 11:35:00 AM,12431.75,12436.25,12430.75,12432.25,55.3990610328638,72.5573587391554
12/1/2020 11:36:00 AM,12432.5,12445,12432.25,12442.25,75.9262783910671,71.7092920667309
12/1/2020 11:37:00 AM,12442.75,12443.75,12434.75,12436.25,79.0762593579495,71.6390461123566
12/1/2020 11:38:00 AM,12435.75,12435.75,12420,12424.5,71.1711711711712,70.089361789563
12/1/2020 11:39:00 AM,12424.5,12433,12424.5,12428.25,58.5585585585586,67.0526480385636
12/1/2020 11:40:00 AM,12428.5,12432.75,12426.25,12432,54.7297297297297,65.4471281231845
12/1/2020 11:41:00 AM,12432,12434.75,12430,12434.5,63.7387387387388,65.5142567114398
12/1/2020 11:42:00 AM,12434.75,12438.25,12432.5,12434.75,69.5945945945946,67.5421900774014
12/1/2020 11:43:00 AM,12434.5,12440.5,12432.25,12440,76.8018018018018,67.6672648503635
12/1/2020 11:44:00 AM,12439.75,12443.5,12438,12442.5,84.009009009009,68.3719433719434
12/1/2020 11:45:00 AM,12442.25,12447,12442.25,12444.25,90.8928158928159,71.1893211893212
12/1/2020 11:46:00 AM,12444.5,12446,12434.25,12438.75,88.3460383460384,75.4446754446755
12/1/2020 11:47:00 AM,12439.25,12441.75,12438,12441.5,84.8240123830676,79.7438586808666
12/1/2020 11:48:00 AM,12441.75,12443.75,12433.5,12436,73.5941928199147,81.1517806924632
12/1/2020 11:49:00 AM,12436.5,12437.75,12432.5,12433.5,63.97880820453,80.3495254938825
12/1/2020 11:50:00 AM,12434.5,12440.5,12431.75,12439,59.8765432098766,77.9316314093218
12/1/2020 11:51:00 AM,12439.25,12444.75,12438.75,12442.75,68.2098765432099,75.6746124856362
12/1/2020 11:52:00 AM,12443,12443.25,12437.5,12442.5,78.2098765432099,73.8627640071211
12/1/2020 11:53:00 AM,12442.25,12444.25,12438.25,12440,76.8414398334077,72.2192499338881
12/1/2020 11:54:00 AM,12440.25,12441.5,12435.75,12436.25,61.0099220411056,68.8172370278936
12/1/2020 11:55:00 AM,12436.5,12439.25,12436.5,12438.75,49.6438018225264,65.3957525996952
12/1/2020 11:56:00 AM,12438.5,12443.75,12438,12440.75,47.2275795564127,63.0027199356785
12/1/2020 11:57:00 AM,12440.5,12448.75,12440,12444.5,59.9726775956284,63.0164534193573
12/1/2020 11:58:00 AM,12444.25,12449.25,12443.5,12447,73.71975019516,63.8035782267788
12/1/2020 11:59:00 AM,12447,12450.75,12447,12447.75,82.1177944862155,64.3618522186367
12/1/2020 12:00:00 PM,12447.75,12449,12445.5,12447,83.8721804511278,65.3662437354539
12/1/2020 12:01:00 PM,12447.25,12448.5,12442.75,12448.25,83.7719298245614,68.6179591330904
12/1/2020 12:02:00 PM,12448.75,12453.25,12447,12450,83.9963280293758,73.525462876926
12/1/2020 12:03:00 PM,12450,12457,12450,12454,86.6148793581929,79.1522199914661
12/1/2020 12:04:00 PM,12453.75,12460.25,12453.25,12458.25,88.2797558350994,83.1960883113905
12/1/2020 12:05:00 PM,12458.25,12465.25,12458,12464,91.9060861464908,85.7941363044377
12/1/2020 12:06:00 PM,12464.25,12468.5,12462.25,12464.25,91.5407824405477,87.1402774407709
12/1/2020 12:07:00 PM,12464.75,12465.5,12461.25,12464.5,90.1906240565834,88.0429122415503
12/1/2020 12:08:00 PM,12464.5,12465.5,12459.25,12463.5,86.3947201017812,88.4175965668674
12/1/2020 12:09:00 PM,12463.75,12470,12463.25,12468.75,89.4183365139949,89.1921692075273
12/1/2020 12:10:00 PM,12469,12477,12468,12476.5,93.0391328828829,90.1099197110544
12/1/2020 12:11:00 PM,12476.25,12479,12472.25,12474.75,94.3394202392047,90.9755860544981
12/1/2020 12:12:00 PM,12474.75,12481.25,12474.5,12479.75,94.3428022738368,91.3236883584046
12/1/2020 12:13:00 PM,12479.75,12485.25,12479.25,12480,90.6756056654637,91.2000916762497
12/1/2020 12:14:00 PM,12480,12482,12476.75,12478.75,89.4856124267889,91.0993757291362
12/1/2020 12:15:00 PM,12478.5,12480.5,12474.25,12474.5,81.4161220043573,90.3881474295042
12/1/2020 12:16:00 PM,12474.5,12479.25,12473.5,12474.75,75.6046910489964,88.414769505933
12/1/2020 12:17:00 PM,12474.75,12474.75,12471,12472,66.9006469313494,84.6807000842854
12/1/2020 12:18:00 PM,12472.25,12473,12467.25,12470.25,57.9202147992712,79.4779564500091
12/1/2020 12:19:00 PM,12470.5,12473.5,12468.25,12468.75,46.6954466596095,72.6711913622624
12/1/2020 12:20:00 PM,12468.75,12471.5,12466.5,12469,39.6641966596095,65.3838472185689
12/1/2020 12:21:00 PM,12469.5,12471,12465.75,12466,33.3333333333333,57.362093062361
12/1/2020 12:22:00 PM,12466.5,12468.5,12463.25,12463.5,21.532634032634,48.8073090664005
12/1/2020 12:23:00 PM,12463.5,12468.5,12463.5,12465.5,12.4417249417249,39.7840281939332
12/1/2020 12:24:00 PM,12465.75,12474,12465.75,12471.25,15.9090909090909,32.4995201907534
12/1/2020 12:25:00 PM,12471.5,12475,12469.75,12474.5,32.5757575757576,28.8788834445372
12/1/2020 12:26:00 PM,12474.5,12478,12473,12476.5,49.2424242424242,29.2427373849393
12/1/2020 12:27:00 PM,12476.25,12476.25,12471,12473.5,55.3434343434343,31.4826284826285
12/1/2020 12:28:00 PM,12473.75,12477.75,12471.75,12476.25,63.4187527448397,35.7805455414152
12/1/2020 12:29:00 PM,12476.25,12478.5,12474.25,12477.25,72.5096618357488,43.0629780847173
12/1/2020 12:30:00 PM,12477,12477.75,12473,12476.25,82.7027401599747,53.1002659730386
12/1/2020 12:31:00 PM,12476.25,12479,12473.25,12479,90.9153005464481,63.8154387783754
12/1/2020 12:32:00 PM,12478.75,12487.25,12478.5,12485.75,92.9986338797814,72.4472782503788
12/1/2020 12:33:00 PM,12485.5,12486.75,12479.5,12483,92.0138888888889,78.557487485588
12/1/2020 12:34:00 PM,12483,12484.5,12478.25,12484.25,87.8472222222222,83.2008857539863
12/1/2020 12:35:00 PM,12484.25,12485.25,12478.75,12480.25,80.2083333333333,85.5993972666282
12/1/2020 12:36:00 PM,12480.5,12483.5,12477,12478,73.1286549707602,85.6878248573442
12/1/2020 12:37:00 PM,12478,12478,12471.5,12473.75,56.3650890792874,81.9253032743889
12/1/2020 12:38:00 PM,12473.5,12475,12472,12474.5,41.8015970157953,74.909059912867
12/1/2020 12:39:00 PM,12474.75,12477,12473.25,12475.5,30.6814890535821,66.0066106519814
12/1/2020 12:40:00 PM,12475.5,12476,12471.75,12471.75,19.8168498168498,55.6927479274044
12/1/2020 12:41:00 PM,12471.5,12473.5,12460.25,12460.75,11.3865147198481,44.7697897127795
12/1/2020 12:42:00 PM,12460.75,12466,12458,12464.5,9.56315289648624,34.6776210789442
12/1/2020 12:43:00 PM,12464.25,12467.25,12457.75,12457.75,8.0246913580247,25.3770548485534
12/1/2020 12:44:00 PM,12457.75,12459.5,12454.5,12457,9.95193666949393,18.7466045042972
12/1/2020 12:45:00 PM,12456.5,12463,12454.5,12459.25,7.3791348600509,13.8291099106195
12/1/2020 12:46:00 PM,12459.5,12460.75,12456.75,12459,12.0302976507486,11.164653995929
12/1/2020 12:47:00 PM,12459.25,12466.25,12458.5,12465.75,21.6808903398816,11.4309454992192
12/1/2020 12:48:00 PM,12466,12472,12466,12470.75,34.4614608936787,14.727366381195
12/1/2020 12:49:00 PM,12470.75,12473,12467.25,12472.5,50.4999532753948,20.5754807210391
12/1/2020 12:50:00 PM,12472.25,12473.5,12470.25,12472,63.1275263596363,28.4473142926979
12/1/2020 12:51:00 PM,12472.25,12474,12467.75,12470.25,68.8456835412081,36.8607067029428
12/1/2020 12:52:00 PM,12470.5,12471.5,12467,12467.5,67.4152876280536,45.4372999555146
12/1/2020 12:53:00 PM,12467.5,12468.5,12462.75,12466.5,61.1972437553833,52.4611493990338
12/1/2020 12:54:00 PM,12466.25,12471.25,12466.25,12467,59.2314317895713,57.8255124632752
12/1/2020 12:55:00 PM,12467,12467.25,12461,12465.5,58.7755913337309,61.298959668997
12/1/2020 12:56:00 PM,12465.5,12471.25,12463.75,12470.5,67.5213675213675,63.7305902755645
12/1/2020 12:57:00 PM,12470.5,12472,12463.25,12464,62.3931623931624,63.6256811374968
12/1/2020 12:58:00 PM,12464,12468.5,12459.5,12468.25,67.0940170940171,63.3754430736124
12/1/2020 12:59:00 PM,12468,12470.75,12461.5,12464.5,54.7194351542178,61.5617498630644
12/1/2020 1:00:00 PM,12464.75,12465.5,12457.5,12458.25,39.9952704300531,58.5328965308744
12/1/2020 1:01:00 PM,12458.25,12461.25,12455.5,12458.75,22.3468527816354,53.2636709583121
12/1/2020 1:02:00 PM,12458.5,12463.5,12457.5,12462.75,20.4340704340704,47.7863108297892
12/1/2020 1:03:00 PM,12463,12466,12461,12466,37.8378378378379,43.5458065892849
12/1/2020 1:04:00 PM,12466,12468.5,12464.25,12468.25,54.954954954955,42.4832055266839
12/1/2020 1:05:00 PM,12468.5,12469.25,12464.25,12468.25,67.6494676494677,42.562555606034
12/1/2020 1:06:00 PM,12468.5,12473.25,12466.75,12469,74.0826614066051,45.3287307849464
12/1/2020 1:07:00 PM,12469,12473.75,12468.25,12471,79.4201907167371,50.9608622544727
12/1/2020 1:08:00 PM,12471,12472.5,12464.25,12466.5,73.7539391600746,58.3047317371069
12/1/2020 1:09:00 PM,12466.75,12476.75,12465.25,12475.5,79.7743755036261,66.7819181756148
12/1/2020 1:10:00 PM,12475.75,12479.5,12475.5,12479.25,84.4499843316322,73.4407962461569
12/1/2020 1:11:00 PM,12478.75,12482.25,12477.5,12481.5,96.7574140247999,79.4125761132776
12/1/2020 1:12:00 PM,12481.25,12481.5,12475,12476.5,91.5530893042575,82.827379206819
12/1/2020 1:13:00 PM,12476.5,12476.75,12469,12471.75,78.816199376947,83.5035989168679
12/1/2020 1:14:00 PM,12471,12472.5,12468.75,12470.75,65.4205607476635,81.5036517784288
12/1/2020 1:15:00 PM,12471,12473.25,12469,12470.5,56.7607539570156,79.0760538922775
12/1/2020 1:16:00 PM,12470.5,12474.75,12466.25,12474.5,57.6880033614503,75.9208578719666
12/1/2020 1:17:00 PM,12474.5,12477.75,12473,12474.5,57.6663695781343,72.0946271928955
12/1/2020 1:18:00 PM,12474.5,12475.5,12470.25,12472,54.5098039215686,66.0592543210053
12/1/2020 1:19:00 PM,12471.5,12475,12470.25,12472.5,48.6111111111111,59.9246860076987
12/1/2020 1:20:00 PM,12472,12474.75,12467.5,12474,47.6851851851852,55.4773982660184
12/1/2020 1:21:00 PM,12473.75,12475.75,12470.5,12471.25,46.2962962962963,52.7453604872517
12/1/2020 1:22:00 PM,12471.5,12483.25,12471,12479.25,56.9444444444444,52.7716019854558
12/1/2020 1:23:00 PM,12479.5,12485.25,12478.75,12483,68.2748538011696,54.28400919113
12/1/2020 1:24:00 PM,12483,12484,12477,12478.25,76.364522417154,56.9551738824185
12/1/2020 1:25:00 PM,12478,12479.5,12475,12477.75,70.6140350877193,59.2557783347257
12/1/2020 1:26:00 PM,12477.75,12481.25,12475.75,12480,65.3508771929824,61.6471734892788
12/1/2020 1:27:00 PM,12480,12484.75,12479.75,12481.5,71.0526315789473,64.9853801169591
12/1/2020 1:28:00 PM,12482,12484.5,12478.5,12483.5,81.1403508771929,69.9631021999443
12/1/2020 1:29:00 PM,12483.75,12485.25,12481.5,12484.5,89.0350877192982,74.5474798106377
12/1/2020 1:30:00 PM,12484.25,12494,12484.25,12492.75,94.0417080436941,78.2284589881412
12/1/2020 1:31:00 PM,12492.75,12494,12488.5,12489.25,91.137040714995,80.3388187449757
12/1/2020 1:32:00 PM,12489.25,12493.5,12487.5,12492.75,90.880503144654,83.2340284673949
12/1/2020 1:33:00 PM,12493,12493.5,12489.5,12490.5,88.0503144654087,86.4768052205986
12/1/2020 1:34:00 PM,12490.5,12491.75,12486.5,12488,85.514518934832,88.5427891285822
12/1/2020 1:35:00 PM,12488.5,12492.75,12487.25,12492,84.1882952542194,88.9782097538717
12/1/2020 1:36:00 PM,12491.75,12492.75,12489.5,12490.5,82.4504601002969,88.0375486654429
12/1/2020 1:37:00 PM,12490.25,12491,12487.75,12488.25,80.8733790999236,86.1563588163328
12/1/2020 1:38:00 PM,12488.5,12491.5,12488,12491.5,79.3859649122806,84.4776337016594
12/1/2020 1:39:00 PM,12491.5,12495.75,12491.5,12493.25,81.3596491228069,83.1175116985384
12/1/2020 1:40:00 PM,12493.25,12495.25,12491.5,12495,89.9980930587337,83.3957657832991
12/1/2020 1:41:00 PM,12494.75,12494.75,12490.5,12492.5,88.1038647342994,83.7656723260801
12/1/2020 1:42:00 PM,12492.25,12494.5,12489.25,12491.25,81.7442156114924,83.4165180914049
12/1/2020 1:43:00 PM,12490.5,12492.25,12489.5,12490.5,67.9760996694634,81.3487523155715
12/1/2020 1:44:00 PM,12491,12492.5,12489.75,12492.5,62.5445811944667,78.7303526147919
12/1/2020 1:45:00 PM,12492.75,12493.5,12489.75,12492,59.5573834704269,75.8976981230985
12/1/2020 1:46:00 PM,12491.75,12496.75,12491.25,12492.25,60.1406284333113,72.8664094531706
12/1/2020 1:47:00 PM,12492.5,12493.5,12490.5,12491.5,54.7791694133157,67.8351346466823
12/1/2020 1:48:00 PM,12491.5,12497.25,12490.5,12497,67.4593495934958,64.8859181979961
12/1/2020 1:49:00 PM,12497,12502.5,12496.75,12500.5,77.5737219236598,64.2901333854485
12/1/2020 1:50:00 PM,12500.5,12501.25,12499,12500.25,89.5621468926553,67.3738544173331
12/1/2020 1:51:00 PM,12500.5,12506,12499.25,12501.25,81.5991839296923,70.0959405223653
12/1/2020 1:52:00 PM,12501,12504,12500,12500.25,74.67617187134,72.2557674367815
12/1/2020 1:53:00 PM,12500.5,12501.25,12492,12493.75,55.3828081813155,71.5760788293535
12/1/2020 1:54:00 PM,12493.75,12495,12490.75,12495,42.2885572139302,69.7917056580128
12/1/2020 1:55:00 PM,12495,12498,12495,12496.75,35.323383084577,65.2008532995958
12/1/2020 1:56:00 PM,12496.5,12497.5,12492,12492.25,31.9237147595355,58.6794237047209
12/1/2020 1:57:00 PM,12492.25,12494.25,12491.75,12493.25,27.660415869371,49.8363192728231
12/1/2020 1:58:00 PM,12493,12493.25,12489.75,12490,13.2478632478631,40.0718448897047
12/1/2020 1:59:00 PM,12490.25,12492.25,12487.5,12488.25,9.04365904365893,30.6957716286074
12/1/2020 2:00:00 PM,12488.25,12489.75,12486,12488.5,6.03083853083842,23.6454902499678
12/1/2020 2:01:00 PM,12488.75,12491.75,12486.25,12491.25,14.2680180180179,19.6425560791232
12/1/2020 2:02:00 PM,12491.25,12492.25,12485.25,12491.5,22.9568273092368,17.8759052540746
12/1/2020 2:03:00 PM,12491.75,12494.75,12490.5,12493.25,31.6415662650601,17.8355983262924
12/1/2020 2:04:00 PM,12493.5,12493.5,12484.25,12485,24.0409915524164,17.3185377095846
12/1/2020 2:05:00 PM,12485,12488,12483.5,12487.25,20.0983918854559,18.2971846578121
12/1/2020 2:06:00 PM,12487.25,12490,12485.75,12489.5,18.5145918967688,19.6501750653992
12/1/2020 2:07:00 PM,12490,12494,12490,12491.5,35.7559712071136,23.8966225905814
12/1/2020 2:08:00 PM,12491.5,12492.25,12487.5,12491.75,48.6239274728832,28.8046096555622
12/1/2020 2:09:00 PM,12492,12495.25,12491.5,12494,62.3563218390803,34.4331088741112
12/1/2020 2:10:00 PM,12494,12494,12491,12493.75,73.0435314257764,40.3476753256421
12/1/2020 2:11:00 PM,12493.5,12498,12492.5,12496.5,83.9630716556614,48.9079724832485
12/1/2020 2:12:00 PM,12497.25,12499,12496,12498.75,91.7587705803926,59.1451694396681
12/1/2020 2:13:00 PM,12499,12511.5,12497.75,12507.5,91.252184967424,69.5362541640474
12/1/2020 2:14:00 PM,12507.75,12508.25,12503,12504,85.7718894009216,76.6813853345914
12/1/2020 2:15:00 PM,12504.25,12505.5,12501.25,12502,74.9999999999999,80.4493956956081
12/1/2020 2:16:00 PM,12501.75,12506.5,12500.75,12503.75,70.5357142857142,81.6178803308415
12/1/2020 2:17:00 PM,12504,12506.25,12501,12501,66.9642857142856,80.7494166577713
12/1/2020 2:18:00 PM,12501,12501,12490.25,12491,53.8690476190475,76.4502703668265
12/1/2020 2:19:00 PM,12491.25,12496,12489.5,12495.75,42.7068885806749,69.4428586525811
12/1/2020 2:20:00 PM,12495.75,12497.75,12494,12496.25,34.0263330251193,61.2677369465376
12/1/2020 2:21:00 PM,12496.75,12497,12492,12492.75,32.3894282632145,53.6416710697223
12/1/2020 2:22:00 PM,12492.5,12494,12491,12491.75,22.8535353535352,46.1921761202274
12/1/2020 2:23:00 PM,12491.75,12493.5,12490,12492.75,15.6249999999999,38.3477883651253
12/1/2020 2:24:00 PM,12492.75,12494.75,12489.5,12490,9.09090909090897,30.0801631332144
12/1/2020 2:25:00 PM,12490,12490,12483.5,12485.5,8.06277056277044,23.5364092680319
12/1/2020 2:26:00 PM,12485.25,12487.25,12484,12487,7.30519480519469,18.4790244429633
12/1/2020 2:27:00 PM,12487.5,12490.5,12486.75,12488,12.608225108225,15.4192947405498
12/1/2020 2:28:00 PM,12488.25,12488.5,12485.5,12486,13.8504611330697,12.7708708648149
12/1/2020 2:29:00 PM,12486.25,12490,12486,12487.5,15.4808959156784,11.7176366594068
12/1/2020 2:30:00 PM,12487.75,12489.25,12485,12485.5,12.3506927854753,11.2498784859032
12/1/2020 2:31:00 PM,12486,12486.75,12475.5,12477.5,11.3418834646455,11.5714462535799
12/1/2020 2:32:00 PM,12477.5,12483,12474.25,12482.5,17.2469096749446,12.8834661267476
12/1/2020 2:33:00 PM,12482.5,12484,12479.25,12482.75,26.3732443331941,15.6074732021761
12/1/2020 2:34:00 PM,12483,12487,12482.75,12483.25,36.94567843504,19.084252248864
12/1/2020 2:35:00 PM,12483.25,12483.25,12477.5,12479,32.9671280112379,21.8152046600309
12/1/2020 2:36:00 PM,12478.5,12482,12477,12481.25,32.2925042437236,24.2168629926087
12/1/2020 2:37:00 PM,12481.25,12484.75,12478.75,12484,34.9593495934958,27.4466711080402
12/1/2020 2:38:00 PM,12484.25,12486.5,12482.75,12483,45.1844903064414,32.2813292282968
12/1/2020 2:39:00 PM,12483,12484.25,12481.5,12482.75,51.2382739212006,37.1372384063334
12/1/2020 2:40:00 PM,12483.25,12487,12482,12486.25,59.9999999999999,41.9410606444485
12/1/2020 2:41:00 PM,12486.5,12487.75,12484.75,12485.5,65.8608058608057,46.0717931338436
12/1/2020 2:42:00 PM,12485,12492,12484.75,12491.5,80.8192746220914,52.9078140782512
12/1/2020 2:43:00 PM,12491.25,12494,12489.75,12492.75,87.4275186986899,60.784244714675
12/1/2020 2:44:00 PM,12492.75,12496.75,12491.75,12495,94.3587356299068,69.2698712913051
12/1/2020 2:45:00 PM,12495,12496.25,12491.25,12492,88.26066572902,75.4236106373878
12/1/2020 2:46:00 PM,12492,12494.75,12489.5,12493.25,84.4631973745896,80.1700282735862
12/1/2020 2:47:00 PM,12493,12494.25,12490.5,12491,77.3511486169713,82.6487637902964
12/1/2020 2:48:00 PM,12491.25,12492,12487.5,12491.5,75.5274261603374,84.0297095473724
12/1/2020 2:49:00 PM,12491.75,12492.75,12490,12490.25,70.4641350210969,82.5504038900875
12/1/2020 2:50:00 PM,12490.5,12490.5,12482.75,12484.5,57.4835911861227,78.2726999597207
12/1/2020 2:51:00 PM,12484.5,12486,12477,12477.75,34.2768401312704,69.6895720313441
12/1/2020 2:52:00 PM,12478,12481,12476.25,12476.5,12.3204749979988,58.8409733554839
12/1/2020 2:53:00 PM,12476.75,12479,12463.25,12464.75,3.16486416328347,47.2269257538687
12/1/2020 2:54:00 PM,12464.75,12467.75,12463,12464.5,3.38052285995482,36.6596935028664
12/1/2020 2:55:00 PM,12464.5,12467.5,12463.25,12464.75,4.70241385664257,26.5418346023385
12/1/2020 2:56:00 PM,12464.5,12467,12461.25,12462.75,4.61832724743508,17.1352906346726
12/1/2020 2:57:00 PM,12462.5,12467.75,12461.5,12467,8.53590679881745,10.142764293629
12/1/2020 2:58:00 PM,12466.75,12467.5,12463.25,12464.75,10.1408450704224,6.69476499922211
12/1/2020 2:59:00 PM,12464.75,12467.5,12461,12463.75,11.4484437489131,6.57018910649558
12/1/2020 3:00:00 PM,12463.25,12467.25,12459.25,12467,13.4303350970016,8.0366849541696
12/1/2020 3:01:00 PM,12466.75,12468.5,12457.75,12457.75,10.0970017636683,8.99618194041438
12/1/2020 3:02:00 PM,12458.25,12462.5,12455.75,12457.25,8.73230373230359,9.57188049408024
12/1/2020 3:03:00 PM,12457.25,12458.75,12453.5,12458,5.40540540540526,9.68432023093312
12/1/2020 3:04:00 PM,12458,12459.5,12456.75,12458.75,10.7900207900206,10.0063365153907
12/1/2020 3:05:00 PM,12459,12460.5,12452.5,12453,10.0234647603067,9.98956789965992
12/1/2020 3:06:00 PM,12453,12456.25,12446.5,12447.25,6.73864147548343,9.31673900345568
12/1/2020 3:07:00 PM,12447.5,12447.75,12438,12443,6.81850696518499,8.37219212748187
12/1/2020 3:08:00 PM,12442.75,12443.25,12433.75,12437.25,9.59102579222862,8.29990984584764
12/1/2020 3:09:00 PM,12437,12437,12425.75,12427.5,10.1863174401518,8.50762608982596
12/1/2020 3:10:00 PM,12428,12430.75,12421.25,12429.5,10.5419423859407,9.24141708704531
12/1/2020 3:11:00 PM,12429.25,12431.5,12425.5,12431,14.0629351155665,9.70897627640901
12/1/2020 3:12:00 PM,12431.25,12439.25,12428.5,12437.5,24.1622574955907,11.728803810021
12/1/2020 3:13:00 PM,12437.5,12445.75,12436.75,12445.25,35.2733686067018,15.8051934001951
12/1/2020 3:14:00 PM,12445.25,12446,12442.5,12444.5,44.7971781305113,21.2307178523845
12/1/2020 3:15:00 PM,12444,12446,12439.75,12444.25,51.9191919191918,27.277598727665
12/1/2020 3:16:00 PM,12444,12447.25,12436.5,12436.75,48.1514569412657,32.701190084967
12/1/2020 3:17:00 PM,12436.75,12444.25,12433.75,12441,48.5221643183425,38.1269360753101
12/1/2020 3:18:00 PM,12441.25,12446.25,12439.5,12444.75,49.8938428874733,43.2456371855825
12/1/2020 3:19:00 PM,12444.25,12445,12437.75,12438.25,52.9208371246586,47.3540057040207
12/1/2020 3:20:00 PM,12438.25,12438.75,12419.5,12420.75,37.6229395991527,47.6896587029423
12/1/2020 3:21:00 PM,12421,12434.75,12420,12431.5,32.0798168585778,45.8728928069518
12/1/2020 3:22:00 PM,12431.75,12436,12429.5,12434.25,33.6070583858193,43.2568737307557
12/1/2020 3:23:00 PM,12434.25,12435,12430.75,12432.5,47.7477477477476,43.1992009888246
12/1/2020 3:24:00 PM,12432.5,12440,12429.25,12438.25,55.8558558558557,44.2468712084693
12/1/2020 3:25:00 PM,12438.5,12443.75,12437.25,12443,66.3663663663662,46.6000888483112
12/1/2020 3:26:00 PM,12443,12447.25,12441,12445.5,81.9819819819818,50.7516809707859
12/1/2020 3:27:00 PM,12445.75,12446,12435.25,12435.5,78.6786786786785,56.6167865535753
12/1/2020 3:28:00 PM,12435.75,12440.25,12434.25,12439.5,74.4744744744743,62.6731662129891
12/1/2020 3:29:00 PM,12439.75,12448.25,12439.5,12447.5,75.7070113591851,68.6874452091842
12/1/2020 3:30:00 PM,12447.75,12449,12442.75,12447.25,87.8437243433557,74.4154418656996
12/1/2020 3:31:00 PM,12447.25,12448.25,12440.5,12442,89.243429132891,79.1850951909904
12/1/2020 3:32:00 PM,12442,12442.25,12432.5,12435,74.2937853107343,80.3175836116144
12/1/2020 3:33:00 PM,12435,12440.5,12434,12438,63.8418079096043,77.7261301727033
12/1/2020 3:34:00 PM,12438.25,12438.5,12426.25,12431.75,51.9238262224818,73.9040083932467
12/1/2020 3:35:00 PM,12431.75,12434.75,12425.25,12430,41.0763685953632,69.1328504105165
12/1/2020 3:36:00 PM,12430,12435.75,12429.5,12434.25,32.8039927404717,63.0038477507003
12/1/2020 3:37:00 PM,12434.25,12437.25,12427,12428.25,23.5087719298244,53.813140263053
12/1/2020 3:38:00 PM,12428,12432.25,12426.75,12430.25,23.8596491228069,44.4726002616124
12/1/2020 3:39:00 PM,12430.25,12440.5,12429.75,12440.5,32.6315789473683,38.5208564954173
12/1/2020 3:40:00 PM,12440.5,12446.75,12439.25,12440.25,49.4736842105262,36.4682673955489
12/1/2020 3:41:00 PM,12440.5,12440.5,12428.5,12433.25,53.6842105263156,36.7197508675252
12/1/2020 3:42:00 PM,12433.25,12436.5,12431,12432.75,42.8070175438595,36.9669864315961
12/1/2020 3:43:00 PM,12433,12437.25,12431,12431.25,30.1754385964911,36.5914786967417
12/1/2020 3:44:00 PM,12431.75,12435.75,12426.5,12435.75,34.1647597254003,38.1137626675383
12/1/2020 3:45:00 PM,12436.25,12441.75,12431.75,12439.5,45.7314671917406,41.2383081059574
12/1/2020 3:46:00 PM,12439,12441,12433,12433,49.3259184361306,43.6232137472091
12/1/2020 3:47:00 PM,12433.5,12436.5,12429.25,12433.25,46.5116279069766,43.2000628467021
12/1/2020 3:48:00 PM,12433.75,12440.5,12433,12439.75,46.8992248062014,42.2307791724
12/1/2020 3:49:00 PM,12439,12441.75,12434.25,12439.75,56.6944205187098,44.2146938830929
12/1/2020 3:50:00 PM,12440,12444,12437,12438.5,64.044406163269,49.0531178212041
12/1/2020 3:51:00 PM,12439,12440.25,12429.25,12439,62.1399176954731,53.0495689597859
12/1/2020 3:52:00 PM,12439.75,12443.25,12429.75,12443.25,67.9012345679011,56.2166785849517
12/1/2020 3:53:00 PM,12443.25,12459,12442.75,12458,80.4558404558403,60.6638103020531
12/1/2020 3:54:00 PM,12458,12458,12451.75,12457,91.1617600506488,67.042400608292
12/1/2020 3:55:00 PM,12457.25,12467.25,12456.25,12461.5,92.2196004404591,73.5167399846145
12/1/2020 3:56:00 PM,12461.25,12464.5,12456.75,12460.25,87.519270095957,77.9202899242213
12/1/2020 3:57:00 PM,12460.25,12464.5,12456.75,12458.5,82.4130879345602,80.54438732012
12/1/2020 3:58:00 PM,12458.5,12459.5,12451.5,12452.75,74.3972661715637,82.2954371024186
12/1/2020 3:59:00 PM,12453,12455.75,12445.5,12450.5,65.4302550855665,81.9424400335137
12/1/2020 4:00:00 PM,12450.5,12457.25,12444,12448.75,56.3596491228069,78.5001269859375
12/1/2020 4:01:00 PM,12448.5,12456.5,12440.25,12456.25,59.4298245614033,73.9669933446167
12/1/2020 4:02:00 PM,12455.75,12458.25,12455.25,12456.75,64.9122807017542,70.0659476676589
12/1/2020 4:03:00 PM,12456.25,12458.75,12454.5,12454.75,70.1754385964911,67.5882574534495
12/1/2020 4:04:00 PM,12455,12459.25,12454.75,12459.25,72.8070175438595,66.2159616833494
12/1/2020 4:05:00 PM,12459.25,12465,12458.25,12463.5,78.6842105263156,66.8283823054568
12/1/2020 4:06:00 PM,12463.75,12463.75,12458.75,12460,80.6985055230667,69.0095609393854
12/1/2020 4:07:00 PM,12460,12462.5,12457.75,12459.25,77.8395061728393,72.0781119465329
12/1/2020 4:08:00 PM,12459.25,12459.25,12452,12452,62.3456790123455,72.4946625823818
12/1/2020 4:09:00 PM,12451.75,12455,12446.25,12447,47.0538720538719,69.94346134697
12/1/2020 4:10:00 PM,12447,12449,12446.25,12447.5,33.3613916947249,64.6843117895748
12/1/2020 4:11:00 PM,12447.5,12448.5,12444,12445.25,25.5892255892254,57.9389129389128
12/1/2020 4:12:00 PM,12445.75,12451.25,12445,12450.5,30.3030303030301,51.0273157641578
12/1/2020 4:13:00 PM,12450.5,12457.75,12450,12457.5,43.7710437710436,45.7519640852973
12/1/2020 4:14:00 PM,12457,12463.5,12452.75,12463.25,68.0134680134678,44.3482443482443